Diet_type,Protein(g),Carbs(g),Fat(g)
dash,69.28227507163324,160.5357535816619,101.15056160458454
keto,101.26650793650794,57.970575396825396,153.1163558201058
mediterranean,101.11231602966345,152.9055447803765,101.41613804905874
paleo,88.67476452119308,129.55212715855572,135.66902668759812
vegan,56.15703022339028,254.00419185282524,103.29967805519053
